Start Node,Algorithm,Suggested Products,Time to Suggest
1,BFS,|481||33||8||18||445||6||34||176||2555||210|||,1.4049999713897705
1,DFS,|8||99||837||5||2954||55978||26032||51923||90331||2952|||,0.17412137985229492
1,RFS,|8||18||4656||6||3155||97||719||176||2555||210|||,0.970691442489624
201,BFS,|1825||899||8645||1389||1824||1930||6488||6578||2050||5056|||,0.25317955017089844
201,DFS,|9332||12615||8645||6578||5056||7568||6807||71989||38273||40572|||,0.13109612464904785
201,RFS,|1825||899||8645||1824||1389||1930||17160||6578||14770||5056|||,0.31221985816955566
401,BFS,|3513||6096||11615||10310||1355||29922||34788||10311||38273||19120|||,0.2922077178955078
401,DFS,|1355||29922||3064||726||69940||48174||70644||82957||26310||2987|||,0.1200857162475586
401,RFS,|10310||1355||18380||16514||10311||38273||18706||3064||726||34784|||,0.22916293144226074
601,BFS,|602||34791||831||99363||99361||49163||134720||832||833||99364|||,0.0
601,DFS,|34791||602||49163||99363||99361||134720||831||49164||141326||110230|||,0.0
601,RFS,|602||34791||99363||99361||831||49163||134720||99364||833||832|||,0.0010006427764892578
801,BFS,|6195||3820||17074||2021||6146||63884||2164||50064||11937||3027|||,0.252180814743042
801,DFS,|3820||21387||6146||38273||18489||43328||34748||21433||34784||4949|||,0.11307883262634277
801,RFS,|6195||3820||17074||2021||6146||32812||63884||2164||50064||3027|||,0.21415233612060547
1001,BFS,|4259||7979||6412||6658||4257||17160||8057||4787||5090||6441|||,0.439312219619751
1001,DFS,|9491||37386||72921||65133||65132||37586||15990||19869||42986||17950|||,0.11107635498046875
1001,RFS,|4259||7979||6658||4257||5090||2912||4997||5252||3794||2911|||,0.3122215270996094
1201,BFS,|2064||3895||983||889||3893||3407||5339||7162||1484||1818|||,0.4042840003967285
1201,DFS,|983||889||16639||1402||59894||35496||101792||52574||1549||40915|||,0.1000833511352539
1201,RFS,|8645||983||889||3407||6897||7162||1484||1818||11965||23216|||,0.2922053337097168
1401,BFS,|21316||2426||25056||41869||2518||4698||25055||12228||49075||78830|||,0.005002260208129883
1401,DFS,|21316||2426||41869||25056||2518||4698||25055||12228||78830||49075|||,0.007004499435424805
1401,RFS,|21316||2426||25056||41869||2518||4698||25055||12228||78830||49075|||,0.008005380630493164
1601,BFS,|3661||9253||4820||6412||4573||4821||6441||7951||16365||6439|||,0.3952794075012207
1601,DFS,|3661||4573||55292||1602||48668||86552||89632||83901||58963||99129|||,0.09807038307189941
1601,RFS,|3661||4820||4573||16365||4939||3077||5845||6440||9491||18656|||,0.2922096252441406
1801,BFS,|8381||11519||11994||11995||11993||19170||4424||67136||71203||44042|||,0.08505821228027344
1801,DFS,|8381||11519||11994||11995||11993||19170||4424||71203||67136||97433|||,0.07505321502685547
1801,RFS,|8381||11519||11994||11995||62888||11993||19170||41056||41060||4424|||,0.09806990623474121
2201,BFS,|21771||25661||34958||66987||71347||59700||18695||89708||84320||52914|||,0.14910578727722168
2201,DFS,|84320||18695||64173||3534||15456||20648||83901||122628||100660||75394|||,0.08706164360046387
2201,RFS,|21771||66987||71347||59700||84320||18695||43254||64173||76510||3534|||,0.1270904541015625
2401,BFS,|11528||5992||13790||23263||10234||52568||11154||17658||38858||33923|||,0.1391003131866455
2401,DFS,|5992||52568||11154||73916||65133||65132||17658||38858||33923||17788|||,0.09906864166259766
2401,RFS,|11528||5992||13790||23263||45614||10234||52568||11154||17658||38858|||,0.14310193061828613
2601,BFS,|2945||12873||24581||88366||1806||13022||17184||25140||62657||16924|||,0.03402256965637207
2601,DFS,|2945||24581||12873||88366||13022||1806||25140||17184||62657||21719|||,0.0310208797454834
2601,RFS,|2945||24581||12873||88366||1806||13022||17184||25140||62657||16924|||,0.03802895545959473
3001,BFS,|4291||3052||32108||9457||26883||20391||7709||16669||18380||19502|||,0.22215723991394043
3001,DFS,|4291||3052||11482||73916||65133||65132||33923||13573||86552||5200|||,0.09408688545227051
3001,RFS,|16454||4291||3052||32108||23587||72432||20391||16669||7709||18380|||,0.23367834091186523
3201,BFS,|11528||9015||13790||9018||23263||66520||45614||10234||52568||6435|||,0.14510345458984375
3201,DFS,|11528||11519||11994||18402||23263||6435||29113||17496||22975||17699|||,0.09907078742980957
3201,RFS,|11528||9015||23263||9018||66520||13790||32941||10234||32940||9013|||,0.1511080265045166
3401,BFS,|4895||16005||6331||6332||33609||8077||54557||11297||14977||47417|||,0.004001617431640625
3401,DFS,|4895||16005||6332||6331||33609||8077||54557||14977||11297||47417|||,0.003003358840942383
3401,RFS,|4895||16005||6331||6332||33609||8077||54557||11297||14977||47417|||,0.005002260208129883
3601,BFS,|21205||18706||43401||38273||21277||34748||56489||75575||7156||31846|||,0.10907983779907227
3601,DFS,|43401||18706||38273||21277||56489||34748||34784||72921||75575||7156|||,0.08305859565734863
3601,RFS,|21205||18706||43401||21277||56489||34748||72921||75575||7156||37180|||,0.11107707023620605
3801,BFS,|29165||69107||42919||65423||84188||61835||65424||96464||56194||70963|||,0.0670478343963623
3801,DFS,|29165||69107||65423||42919||65424||61835||84188||96464||55083||70963|||,0.07105040550231934
3801,RFS,|29165||69107||42919||65423||65424||61835||84188||96464||56194||55083|||,0.08606100082397461
4001,BFS,|18402||48725||9732||44336||29113||19333||30602||22435||31846||39629|||,0.11107254028320312
4001,DFS,|18402||43401||9732||56489||34748||44336||29113||30602||31846||39629|||,0.0840599536895752
4001,RFS,|101369||18402||48725||43401||9732||34748||29113||19333||30602||22435|||,0.12408995628356934
4201,BFS,|53660||22105||38558||34967||16669||22104||41563||21623||78385||25112|||,0.24617528915405273
4201,DFS,|104668||72921||106730||67756||67759||89363||92038||6193||6315||7927|||,0.08606171607971191
4201,RFS,|22105||83687||22104||59554||36607||78385||38183||41480||43047||72921|||,0.19013381004333496
4401,BFS,|4455||18597||18428||7823||7822||19265||51788||14902||55313||4479|||,0.0
4401,DFS,|4455||18597||18428||7823||51788||19265||7822||14902||55313||4479|||,0.0
4401,RFS,|4455||18597||18428||7823||7822||51788||19265||14902||55313||4479|||,0.0010063648223876953
4801,BFS,|6881||9457||15885||10301||5193||10302||10303||25401||19878||18695|||,0.16411232948303223
4801,DFS,|6881||9457||10301||10302||25401||123364||84320||64173||16416||90629|||,0.07004737854003906
4801,RFS,|24305||6881||21771||9457||69816||21270||10301||5193||10302||59700|||,0.18713092803955078
5001,BFS,|29165||69107||42919||65423||84188||61835||65424||96464||56194||70963|||,0.06303882598876953
5001,DFS,|29165||69107||65423||42919||65424||61835||84188||96464||55083||70963|||,0.06304311752319336
5001,RFS,|29165||69107||42919||65423||84188||61835||65424||96464||55083||70963|||,0.06304645538330078
5201,BFS,|29352||11475||9702||14325||26437||65132||65133||10209||33923||39064|||,0.16611886024475098
5201,DFS,|11482||56743||73916||65133||65132||33923||13573||6372||58587||14836|||,0.0890645980834961
5201,RFS,|43543||51364||43544||21710||29352||59844||44551||11475||9702||14325|||,0.1941368579864502
5401,BFS,|45863||37428||20506||6043||34339||77058||65311||5402||74784||87257|||,0.07104825973510742
5401,DFS,|45863||37428||20506||6043||34339||65311||77058||5402||87257||74784|||,0.07505297660827637
5401,RFS,|45863||37428||20506||6043||34339||77058||65311||5402||87257||74784|||,0.07105207443237305
5601,BFS,|36986||33892||70614||7365||7159||43010||83715||39615||70613||83714|||,0.0
5601,DFS,|36986||33892||70614||7159||7365||89191||83714||70613||39615||83715|||,0.0
5601,RFS,|36986||33892||70614||7365||7159||83715||43010||83714||70613||39615|||,0.0
5801,BFS,|14827||15644||16918||15215||14828||36429||15859||9023||16150||42326|||,0.5553932189941406
5801,DFS,|15215||21617||5644||42643||14549||8265||111044||30210||82205||90331|||,0.09907174110412598
5801,RFS,|16918||36429||9023||24267||21617||42326||44078||77634||63383||91636|||,0.353252649307251
6001,BFS,|19527||20729||16454||43659||32108||14853||22548||19244||94324||46036|||,0.3472466468811035
6001,DFS,|14853||22548||94324||46274||7397||94508||70641||26865||121354||51375|||,0.10007286071777344
6001,RFS,|16454||61665||72452||32108||82909||14853||19244||40533||59590||38273|||,0.3062162399291992
6201,BFS,|36127||29527||39309||9026||45585||45375||43572||45363||35671||57741|||,0.07505369186401367
6201,DFS,|36127||29527||39309||9026||45585||43572||45375||45363||35671||57741|||,0.0600428581237793
6201,RFS,|36127||29527||39309||9026||45585||43572||45375||45363||57741||70300|||,0.0790567398071289
6601,BFS,|46073||45484||59590||64624||64097||7710||59591||70932||21266||58372|||,0.1200861930847168
6601,DFS,|64624||84320||70932||21266||64173||60353||47631||17565||52072||65586|||,0.05804109573364258
6601,RFS,|64624||7710||21266||64173||16416||60353||47631||17565||52072||82462|||,0.10907697677612305
6801,BFS,|71111||36127||54007||16607||39309||65681||46775||71112||75359||45585|||,0.10207366943359375
6801,DFS,|71111||54007||16607||71112||46775||65681||75359||90629||95275||53486|||,0.08806300163269043
6801,RFS,|71111||36127||54007||16607||46775||39309||71112||65681||43572||90629|||,0.10007143020629883
7001,BFS,|46073||49192||8607||45484||59590||64624||64097||59591||70932||58154|||,0.1541121006011963
7001,DFS,|64624||64097||70932||133206||60353||47631||17565||52072||94825||70755|||,0.0770576000213623
7001,RFS,|46073||49192||8607||64624||45556||58154||58372||64173||60353||47631|||,0.1390993595123291
7201,BFS,|95636||7202||30630||42846||100179||34247||64370||67264||101769||90224|||,0.005002737045288086
7201,DFS,|95636||7202||30630||100179||42846||34247||67264||101769||90224||64370|||,0.005005359649658203
7201,RFS,|95636||7202||30630||100179||42846||34247||67264||64370||101769||90224|||,0.006003618240356445
7601,BFS,|15811||18558||10209||25405||37465||20188||20402||20295||16922||40706|||,0.16711878776550293
7601,DFS,|59894||10209||10633||64296||90629||111371||27278||95275||46023||36406|||,0.07405447959899902
7601,RFS,|97069||15811||59894||20188||25405||20402||40706||20295||16922||57767|||,0.14509868621826172
8001,BFS,|10130||8003||10131||12926||8002||12925||65050||14793||16035||25735|||,0.0
8001,DFS,|10130||8003||10131||8002||12926||65050||12925||149107||96771||8004|||,0.0010030269622802734
8001,RFS,|10130||8003||10131||12926||8002||65050||12925||16035||25735||14793|||,0.0
8201,BFS,|26883||59700||77480||18644||54007||89623||69994||41288||21215||80133|||,0.0740501880645752
8201,DFS,|26883||59700||54007||69994||41288||21215||37956||53729||43045||43617|||,0.07004952430725098
8201,RFS,|26883||59700||77480||18644||89623||54007||69994||41288||21215||80133|||,0.10307717323303223
8601,BFS,|9668||9669||26099||10323||56682||18558||10325||51993||25405||29527|||,0.07805538177490234
8601,DFS,|9668||9669||26099||10323||56682||18558||10325||51993||25405||29527|||,0.08505964279174805
8601,RFS,|9668||9669||26099||10323||18558||10325||25405||29527||34946||24487|||,0.09907054901123047
8801,BFS,|42986||36790||88839||88842||111371||34020||62192||95003||95166||25971|||,0.010008811950683594
8801,DFS,|42986||36790||88839||88842||111371||34020||62192||95003||95166||32534|||,0.008000612258911133
8801,RFS,|42986||36790||88839||88842||111371||34020||62192||95003||95166||25971|||,0.016015052795410156
9001,BFS,|89530||98733||104831||60582||64182||104829||110573||64185||152712||133425|||,0.000997304916381836
9001,DFS,|89530||98733||104831||60582||110573||64182||104829||152712||133425||64185|||,0.001001119613647461
9001,RFS,|89530||98733||104831||60582||64182||110573||104829||64185||152712||133425|||,0.010009527206420898
9201,BFS,|12250||11896||13812||72096||16838||31833||81452||74996||13813||94265|||,0.0019888877868652344
9201,DFS,|12250||11896||13812||72096||16838||81452||31833||13813||94265||74996|||,0.001003265380859375
9201,RFS,|12250||11896||72096||13812||16838||31833||81452||74996||13813||94265|||,0.0019991397857666016
9401,BFS,|31111||32881||45260||101756||62771||107114||101757||34032||31109||51239|||,0.003002166748046875
9401,DFS,|31111||45260||101756||32881||101757||62771||107114||51241||62130||62129|||,0.0019969940185546875
9401,RFS,|31111||32881||45260||101756||62771||107114||101757||51241||51239||31109|||,0.0030012130737304688
9601,BFS,|49192||8607||8564||8562||22607||62888||22610||58154||43633||21884|||,0.16611814498901367
9601,DFS,|8607||78876||41288||41718||37956||18853||20225||49381||65665||21748|||,0.07405281066894531
9601,RFS,|8607||8564||8562||22607||62888||42283||22610||52574||43633||64173|||,0.14510226249694824
9801,BFS,|43859||11986||22684||22683||11102||11253||22685||33884||47978||77872|||,0.0020072460174560547
9801,DFS,|43859||11986||22684||22683||11102||22685||47978||33884||110632||77872|||,0.0029969215393066406
9801,RFS,|43859||11986||22683||22684||11102||11253||22685||33884||125968||47978|||,0.0020008087158203125
10001,BFS,|49192||19602||88711||38183||43047||49858||76128||90711||62981||18015|||,0.13810014724731445
10001,DFS,|19602||43047||49858||18015||58154||43633||74246||38330||63796||49860|||,0.08105587959289551
10001,RFS,|49192||19602||88711||43047||38183||49858||90711||62981||76128||18015|||,0.12609124183654785
10201,BFS,|11937||25525||20551||66909||140034||25523||38224||31291||38225||74940|||,0.0010001659393310547
10201,DFS,|11937||25525||66909||140034||20551||38224||25523||38225||38223||97563|||,0.0
10201,RFS,|11937||25525||20551||66909||140034||38224||25523||74940||38225||31291|||,0.0009996891021728516
10801,BFS,|59844||55978||26032||90331||27506||55221||77231||70594||53647||19167|||,0.07405257225036621
10801,DFS,|59844||55978||26032||90331||27506||55221||70594||77231||53647||74686|||,0.08005714416503906
10801,RFS,|55978||26032||90331||27506||55221||70594||77231||53647||19167||74686|||,0.09506964683532715
11001,BFS,|32047||12383||92080||29624||19367||99812||85702||32044||35058||17059|||,0.028019428253173828
11001,DFS,|32047||12383||92080||29624||99812||85702||19367||35058||84737||32044|||,0.03903079032897949
11001,RFS,|32047||12383||92080||29624||19367||99812||85702||17059||35058||32044|||,0.031020164489746094
11201,BFS,|29197||25658||78523||47075||110422||47845||78521||74955||108516||55800|||,0.001998424530029297
11201,DFS,|29197||25658||78523||47075||110422||47845||78521||74955||108516||32130|||,0.0029990673065185547
11201,RFS,|29197||78523||25658||47075||110422||47845||74955||78521||108516||55800|||,0.006005525588989258
11601,BFS,|62116||17054||48094||21636||48092||82797||74968||90966||35496||101792|||,0.11408019065856934
11601,DFS,|17054||21636||59894||35496||101792||52574||40915||101794||34050||64258|||,0.10908007621765137
11601,RFS,|62116||17054||48094||21636||48092||74968||82797||90966||35496||48091|||,0.16611576080322266
11801,BFS,|8381||11519||11994||11995||44042||16908||34190||62415||97433||43953|||,0.015011072158813477
11801,DFS,|8381||11519||11994||11995||97433||62415||34190||44042||16908||106790|||,0.014008522033691406
11801,RFS,|8381||11519||11994||11995||44042||97433||34190||62415||16908||106790|||,0.017013072967529297
12001,BFS,|27379||27380||47839||90118||46814||39890||30202||61083||81575||86524|||,0.0009999275207519531
12001,DFS,|27379||46814||47839||27380||90118||61462||71313||86524||86047||39890|||,0.002001523971557617
12001,RFS,|27379||27380||47839||90118||46814||39890||30202||61083||81575||86524|||,0.0020012855529785156
12201,BFS,|45556||89146||32752||93738||70755||129565||57905||78986||14214||16424|||,0.04903459548950195
12201,DFS,|45556||89146||32752||93738||70755||129565||78986||57905||16424||107294|||,0.07805538177490234
12201,RFS,|45556||89146||32752||93738||70755||129565||57905||78986||14214||16424|||,0.05804157257080078
12401,BFS,|26883||18656||66987||42116||29182||71347||25504||25112||22750||56761|||,0.1771233081817627
12401,DFS,|18656||68891||22750||118871||122043||96136||18657||70755||98227||27385|||,0.07705378532409668
12401,RFS,|43543||26883||18656||29182||45614||25504||25112||68891||22750||118871|||,0.14910626411437988
12601,BFS,|59700||20295||40706||41288||49148||41718||37956||12602||12603||58088|||,0.06104278564453125
12601,DFS,|59700||20295||40706||41288||49148||41718||37956||12603||65665||43045|||,0.07105040550231934
12601,RFS,|59700||20295||40706||41288||41718||49148||37956||12603||12602||36314|||,0.06404519081115723
12801,BFS,|34977||120426||40979||69711||127415||128521||105664||120040||120041||19362|||,0.0
12801,DFS,|34977||69711||105664||120040||120041||40979||128521||127415||120426||70498|||,0.0
12801,RFS,|34977||40979||120426||69711||105664||127415||128521||120040||120041||19362|||,0.0
13401,BFS,|74039||14519||53890||74708||70173||65405||71512||74457||76265||22529|||,0.021015644073486328
13401,DFS,|74039||14519||53890||74708||70173||65405||71512||74457||22529||57968|||,0.028022050857543945
13401,RFS,|74039||14519||53890||74708||70173||65405||71512||74457||76265||22529|||,0.03002023696899414
13601,BFS,|37428||20506||77058||74784||87257||37429||89480||13838||20404||80244|||,0.010006427764892578
13601,DFS,|37428||20506||77058||74784||87257||37429||89480||13838||80244||20404|||,0.012008428573608398
13601,RFS,|37428||20506||77058||74784||87257||37429||89480||13838||20404||80244|||,0.011009454727172852
13801,BFS,|20390||47032||54335||73916||133206||86552||44342||54336||42406||65510|||,0.10407185554504395
13801,DFS,|20390||47032||54335||73916||86552||54336||44342||65510||42406||104842|||,0.10407423973083496
13801,RFS,|20390||47032||54335||73916||44342||54336||42406||65510||46019||78018|||,0.14410138130187988
14201,BFS,|45614||41348||112498||72928||45613||83610||48001||45500||45501||83923|||,0.010007381439208984
14201,DFS,|45614||41348||112498||72928||45613||48001||83610||110641||83923||45501|||,0.008007287979125977
14201,RFS,|45614||41348||112498||72928||45613||83610||48001||83923||45500||110641|||,0.0070037841796875
14401,BFS,|73523||57552||82830||117464||82831||41181||134608||82828||82829||41182|||,0.0
14401,DFS,|73523||117464||82830||57552||82831||41181||82829||82828||134608||41182|||,0.0
14401,RFS,|73523||57552||82830||117464||82831||41181||82828||134608||82829||41182|||,0.001001119613647461
15201,BFS,|54241||34748||53143||74039||66295||26886||53890||113814||111790||15560|||,0.09306669235229492
15201,DFS,|54241||53143||74039||26886||111790||113814||53890||15560||48869||50255|||,0.07104897499084473
15201,RFS,|54241||34748||53143||74039||66295||26886||113814||53890||111790||15560|||,0.07705426216125488
15601,BFS,|77427||84083||105560||77152||129278||84572||71247||133202||102677||104453|||,0.05103588104248047
15601,DFS,|77427||84083||105560||77152||129278||84572||71247||102677||104453||133202|||,0.03902912139892578
15601,RFS,|77427||84083||105560||77152||129278||84572||71247||133202||104453||102677|||,0.04102683067321777
15801,BFS,|27233||114684||23541||46601||46834||46602||19928||15803||32803||46787|||,0.009003639221191406
15801,DFS,|27233||114684||46834||23541||46601||46602||19928||32803||64557||46787|||,0.02201390266418457
15801,RFS,|27233||114684||23541||46601||46834||46602||19928||15803||32803||46787|||,0.01900935173034668
16001,BFS,|26883||59700||41288||89632||37956||43045||30746||73238||23225||23226|||,0.02801823616027832
16001,DFS,|26883||59700||41288||89632||37956||43045||30746||73238||23226||107294|||,0.022015810012817383
16001,RFS,|26883||59700||41288||89632||37956||43045||30746||73238||23226||23225|||,0.01801300048828125
16201,BFS,|95636||30630||100179||34247||67264||101769||90224||30631||86136||64853|||,0.0030014514923095703
16201,DFS,|95636||30630||100179||34247||67264||101769||90224||86136||30631||36319|||,0.0020020008087158203
16201,RFS,|95636||30630||100179||34247||67264||101769||90224||30631||86136||64853|||,0.003002166748046875
16401,BFS,|47545||22405||22406||21257||52086||23385||33592||97005||97006||52085|||,0.003002166748046875
16401,DFS,|47545||22405||22406||21257||52086||23385||97006||97005||33592||53074|||,0.002001523971557617
16401,RFS,|47545||22405||22406||21257||52086||97006||33592||23385||97005||53074|||,0.00400233268737793
16601,BFS,|34748||20157||47832||55970||78106||27645||20158||29552||52332||37043|||,0.034024715423583984
16601,DFS,|34748||20157||47832||55970||78106||27645||20158||52332||29552||37043|||,0.03903365135192871
16601,RFS,|34748||20157||47832||55970||78106||27645||20158||52332||29552||37043|||,0.07405257225036621
17001,BFS,|42215||74881||40144||24228||24227||36150||56542||48440||90887||40146|||,0.008998632431030273
17001,DFS,|42215||74881||40144||24228||90887||48440||56542||24227||36150||47115|||,0.007004976272583008
17001,RFS,|42215||74881||40144||24228||24227||56542||36150||48440||90887||47115|||,0.002001047134399414
17201,BFS,|46073||45484||59590||64624||87836||64097||59591||70932||84320||21266|||,0.15410995483398438
17201,DFS,|64624||84320||70932||133206||21266||64173||60353||47631||17565||52072|||,0.06904768943786621
17201,RFS,|46073||45484||59590||64624||87836||64097||59591||70932||21266||58372|||,0.0860590934753418
17401,BFS,|40099||39554||34668||39556||40098||28746||72887||39555||83343||28745|||,0.0010006427764892578
17401,DFS,|40099||40098||39556||39554||34668||28746||39555||83343||72887||78667|||,0.0010006427764892578
17401,RFS,|40099||39554||39556||34668||40098||28746||39555||83343||72887||132969|||,0.0010001659393310547
18001,BFS,|43481||78830||57968||69347||49695||68222||68223||10300||97607||106737|||,0.0009992122650146484
18001,DFS,|43481||78830||57968||69347||68223||68222||49695||10300||106737||97607|||,0.0
18001,RFS,|43481||78830||57968||69347||68222||68223||49695||10300||106737||97607|||,0.0010008811950683594
18201,BFS,|44336||30602||45212||63448||61401||20978||22896||90118||140287||20977|||,0.0030019283294677734
18201,DFS,|44336||30602||63448||45212||61401||20978||22896||140287||90118||146955|||,0.0020041465759277344
18201,RFS,|44336||30602||63448||45212||61401||20978||22896||90118||140287||20977|||,0.0030012130737304688
18401,BFS,|40930||85250||91730||27672||75192||104668||40280||33966||107469||80453|||,0.15110492706298828
18401,DFS,|40930||91730||27672||75192||104668||40280||33966||106730||94044||102424|||,0.0620419979095459
18401,RFS,|40930||27672||104668||40280||33966||80453||61243||106730||66971||59413|||,0.09406709671020508
18601,BFS,|41265||134157||66864||134156||18602||18603||147847||30145||151327||151328|||,0.0
18601,DFS,|41265||134157||66864||134156||18603||30145||151327||151329||151328||18602|||,0.0010001659393310547
18601,RFS,|41265||134157||66864||134156||18603||18602||30145||151327||151329||147847|||,0.0
18801,BFS,|25050||26921||49706||81540||39484||25051||33501||62035||62036||136210|||,0.0010030269622802734
18801,DFS,|25050||81540||49706||26921||39484||136210||131838||137091||78048||62036|||,0.0009989738464355469
18801,RFS,|25050||26921||81540||49706||39484||136210||25051||78048||33501||131838|||,0.0
19001,BFS,|50321||56966||55024||88711||57644||28270||33846||105418||89103||90711|||,0.13009142875671387
19001,DFS,|50321||91730||57644||28270||120580||106730||46490||88856||70659||28269|||,0.06704831123352051
19001,RFS,|56966||77119||55024||88711||28270||33846||105418||120580||55055||80927|||,0.1080772876739502
19201,BFS,|125772||101084||125771||125773||125774||31269||73271||73272||73273||125770|||,0.0010004043579101562
19201,DFS,|125772||101084||125774||125773||125771||73272||73273||153147||153146||125770|||,0.0
19201,RFS,|125772||101084||125774||125771||125773||73272||31269||73271||73273||125770|||,0.0010006427764892578
19401,BFS,|23137||77382||72832||67082||101838||99076||49823||49825||32831||56952|||,0.008005857467651367
19401,DFS,|23137||77382||72832||67082||101838||99076||49825||49823||125172||121148|||,0.011008024215698242
19401,RFS,|23137||77382||72832||67082||101838||99076||49823||32831||56952||49825|||,0.00900578498840332
19801,BFS,|46890||72204||37644||114960||114961||112232||81706||24481||29255||23057|||,0.0010004043579101562
19801,DFS,|46890||72204||37644||112232||81706||114961||114960||24481||29255||23057|||,0.0
19801,RFS,|46890||72204||37644||112232||114961||81706||114960||24481||23057||29255|||,0.0010008811950683594
20201,BFS,|34881||46414||34882||142461||52496||52497||111424||111425||111678||167231|||,0.0
20201,DFS,|34881||46414||52497||52496||142461||34882||111425||111424||111678||163260|||,0.0
20201,RFS,|34881||46414||52496||142461||52497||34882||111424||111425||111678||167232|||,0.0010006427764892578
20401,BFS,|20399||123749||123752||51827||80287||68134||22008||80290||123750||103237|||,0.001001119613647461
20401,DFS,|20399||123752||123749||68134||51827||80287||103237||123750||22008||80290|||,0.001999378204345703
20401,RFS,|20399||123749||123752||51827||80287||68134||80290||22008||123750||103237|||,0.0010006427764892578
20601,BFS,|20602||47380||20603||54339||27906||22692||22693||22691||83123||22889|||,0.0
20601,DFS,|20602||47380||20603||54339||27906||22692||22691||22693||83123||80792|||,0.0010001659393310547
20601,RFS,|20602||47380||20603||54339||27906||22692||22691||22693||83123||80792|||,0.0
20801,BFS,|36059||46068||46559||96651||49339||76708||102187||115383||76967||76968|||,0.0010006427764892578
20801,DFS,|36059||46559||46068||96651||76708||49339||102187||115383||75812||96650|||,0.0
20801,RFS,|36059||46068||96651||46559||76708||102187||49339||115383||76968||75812|||,0.0
21001,BFS,|34520||46787||50449||22726||21269||34521||21268||132639||143196||134600|||,0.0010006427764892578
21001,DFS,|34520||50449||46787||22726||21269||34521||21268||143196||134601||134600|||,0.0
21001,RFS,|34520||46787||50449||22726||34521||21269||21268||143196||134600||134601|||,0.0
21401,BFS,|38273||34784||56165||75575||28824||71198||37936||37939||56166||56167|||,0.005006551742553711
21401,DFS,|38273||34784||56165||75575||28824||37936||37939||71198||69353||56167|||,0.004004716873168945
21401,RFS,|38273||34784||56165||75575||28824||71198||37936||37939||56167||56166|||,0.005004167556762695
21801,BFS,|39656||45040||22489||39657||49633||92370||45041||43994||66424||92369|||,0.0
21801,DFS,|39656||45040||39657||49633||92370||22489||43994||92369||64144||66424|||,0.0
21801,RFS,|39656||45040||22489||39657||49633||92370||45041||43994||92369||64144|||,0.0
22001,BFS,|54391||30273||92063||43268||64533||59844||43158||60161||46608||92062|||,0.1410996913909912
22001,DFS,|30273||64533||60161||46608||72828||82151||82275||60160||82853||67221|||,0.06304311752319336
22001,RFS,|54391||30273||43268||92063||64533||43158||92062||46608||50297||75741|||,0.10407400131225586
22201,BFS,|56743||22202||95275||83750||86040||46991||73388||54334||89444||130591|||,0.034021854400634766
22201,DFS,|56743||22202||95275||86040||83750||46991||54334||89444||73388||130591|||,0.03702855110168457
22201,RFS,|56743||22202||95275||86040||83750||46991||54334||89444||73388||130591|||,0.037024736404418945
22401,BFS,|59700||23865||41288||37956||43045||23864||73238||49245||82433||40042|||,0.013009309768676758
22401,DFS,|59700||23865||41288||37956||43045||23864||73238||49245||82433||40042|||,0.013009071350097656
22401,RFS,|59700||23865||41288||37956||43045||23864||73238||49245||82433||40042|||,0.010008811950683594
22601,BFS,|24764||52876||37752||88711||46054||90711||55055||106730||48449||118943|||,0.10307455062866211
22601,DFS,|24764||37752||88711||46054||90711||106730||55055||76931||118943||95703|||,0.06304311752319336
22601,RFS,|24764||52876||37752||88711||46054||90711||56286||55055||106730||48449|||,0.08706378936767578
22801,BFS,|56489||47217||48802||93563||34540||63492||51412||53811||93560||33463|||,0.0020017623901367188
22801,DFS,|56489||48802||47217||93563||34540||63492||51412||93560||53811||47218|||,0.0010004043579101562
22801,RFS,|56489||47217||48802||93563||34540||63492||51412||53811||93560||33463|||,0.0019991397857666016
23001,BFS,|54424||46551||48960||88366||105059||36686||75394||103996||67622||75396|||,0.013009071350097656
23001,DFS,|54424||46551||48960||88366||105059||103996||75394||36686||75396||67622|||,0.01300954818725586
23001,RFS,|54424||46551||48960||88366||105059||36686||75394||103996||67622||75396|||,0.014013528823852539
23201,BFS,|101318||101321||101317||52203||55335||54047||63725||66067||140852||140853|||,0.001001119613647461
23201,DFS,|101318||101321||101317||52203||54047||63725||66067||140853||140852||55335|||,0.0010004043579101562
23201,RFS,|101318||101321||101317||52203||54047||63725||66067||55335||140853||140852|||,0.002001047134399414
23401,BFS,|25573||137315||25572||102898||113330||86616||25574||43722||60697||102899|||,0.0
23401,DFS,|25573||137315||113330||102898||86616||25572||60697||86619||86618||102899|||,0.0
23401,RFS,|25573||137315||25572||102898||113330||86616||43722||60697||25574||102899|||,0.0
23601,BFS,|83724||52817||31620||41188||42926||53162||76450||74961||79695||76454|||,0.05504035949707031
23601,DFS,|83724||52817||41188||42926||31620||53162||76450||89551||76454||79695|||,0.0530393123626709
23601,RFS,|83724||52817||41188||31620||42926||53162||76450||89551||76454||74961|||,0.06604671478271484
23801,BFS,|23803||23802||54126||26890||29290||29667||29669||116871||116873||26892|||,0.0
23801,DFS,|23803||23802||54126||29669||29667||29290||26890||116873||116871||62338|||,0.0010001659393310547
23801,RFS,|23803||23802||54126||29290||26890||116873||116871||29669||29667||26892|||,0.0
24201,BFS,|85250||59297||69994||109971||130922||54747||94954||120281||54745||51417|||,0.05003619194030762
24201,DFS,|85250||59297||69994||109971||130922||94954||120281||54747||96775||127392|||,0.04703545570373535
24201,RFS,|85250||59297||69994||130922||109971||54747||120281||94954||54745||51417|||,0.046030521392822266
24401,BFS,|90629||70979||95275||97656||70980||70982||68035||34172||68033||134838|||,0.007004499435424805
24401,DFS,|90629||95275||70979||97656||68035||70982||70980||68033||134838||34172|||,0.005003690719604492
24401,RFS,|90629||95275||70979||97656||70980||70982||68035||34172||134838||68033|||,0.008008718490600586
24601,BFS,|58870||45257||54959||63191||48648||32697||62454||54956||63192||48651|||,0.001998424530029297
24601,DFS,|58870||45257||54959||63191||48648||32697||63192||48651||67052||87893|||,0.002002239227294922
24601,RFS,|58870||45257||54959||63191||48648||54956||62454||32697||48651||63192|||,0.003001689910888672
24801,BFS,|25463||29922||76902||69940||36173||33290||95703||36175||33107||42093|||,0.021014928817749023
24801,DFS,|29922||25463||76902||69940||36173||33290||95703||42090||42093||36175|||,0.018032550811767578
24801,RFS,|29922||25463||76902||69940||36173||33290||95703||36175||42093||42090|||,0.026999473571777344
25201,BFS,|31712||64973||6261||43820||8793||31708||18345||56228||13024||31711|||,0.08305692672729492
25201,DFS,|6261||8793||18345||115428||25862||26828||16005||77167||116014||39549|||,0.05804276466369629
25201,RFS,|31712||64973||6261||43820||8793||31708||18345||56228||13024||31711|||,0.0790560245513916
25401,BFS,|27475||17820||35388||28087||27476||27477||35387||25402||35385||43510|||,0.0010013580322265625
25401,DFS,|27475||17820||27477||27476||28087||35388||25402||35387||43510||35385|||,0.0009982585906982422
25401,RFS,|27475||17820||27477||28087||27476||35388||35387||25402||35385||43510|||,0.0
25601,BFS,|82957||56132||25604||41726||92851||25603||40806||45085||57667||81603|||,0.0020012855529785156
25601,DFS,|82957||56132||25604||92851||41726||40806||81603||57667||92852||25603|||,0.0010006427764892578
25601,RFS,|82957||56132||25604||41726||92851||25603||40806||45085||81603||57667|||,0.0010008811950683594
25801,BFS,|101369||74039||41092||29608||48300||104272||59773||84746||40291||53882|||,0.0240170955657959
25801,DFS,|101369||74039||41092||29608||48300||59773||104272||84746||68419||53882|||,0.025018692016601562
25801,RFS,|101369||74039||41092||29608||104272||48300||59773||84746||40291||53882|||,0.022017478942871094
26001,BFS,|36429||47320||74934||49721||50631||89942||47317||59894||56796||55978|||,0.13609695434570312
26001,DFS,|36429||47320||49721||59894||55978||56796||120580||62710||64296||67042|||,0.06404757499694824
26001,RFS,|36429||47320||74934||49721||50631||47317||59894||55978||95714||59546|||,0.10807561874389648
26201,BFS,|80216||73916||45699||59942||93627||58641||80215||63278||95317||85485|||,0.030020952224731445
26201,DFS,|80216||73916||45699||59942||93627||63278||58641||80215||95317||93626|||,0.04605269432067871
26201,RFS,|80216||73916||45699||93627||59942||58641||80215||63278||95317||85485|||,0.04903459548950195
26401,BFS,|65088||79675||79677||79678||38488||38489||126257||26967||26968||56174|||,0.0
26401,DFS,|65088||79675||79678||79677||38489||38488||126257||56174||26968||103773|||,0.0
26401,RFS,|65088||79675||79678||79677||38488||126257||38489||56174||26968||26967|||,0.0
26601,BFS,|83208||125702||90590||83209||111778||111779||129779||129781||131689||41958|||,0.0030031204223632812
26601,DFS,|83208||90590||125702||111779||111778||83209||131689||129781||129779||41958|||,0.002001523971557617
26601,RFS,|83208||90590||125702||83209||111778||111779||129779||129781||131689||41958|||,0.0030007362365722656
27001,BFS,|42846||80465||62318||53509||127673||28994||53508||115836||63880||125297|||,0.0020036697387695312
27001,DFS,|42846||62318||127673||80465||53509||63880||125297||152060||152059||152058|||,0.002012491226196289
27001,RFS,|42846||62318||80465||127673||53509||28994||115836||63880||125297||152060|||,0.0009944438934326172
27201,BFS,|42383||52052||42384||45050||64623||48164||43349||52051||44127||78690|||,0.001001119613647461
27201,DFS,|42383||52052||64623||45050||42384||48164||52051||43349||108369||111095|||,0.0010008811950683594
27201,RFS,|42383||52052||45050||42384||64623||48164||43349||52051||108369||111095|||,0.0010001659393310547
27601,BFS,|85250||35765||125605||45933||112137||51909||88989||64745||94268||77502|||,0.35625314712524414
27601,DFS,|85250||35765||45933||112137||51909||88989||94268||77502||84034||45935|||,0.22816252708435059
27601,RFS,|85250||35765||125605||45933||51909||64745||94268||77502||62282||84034|||,0.3472461700439453
27801,BFS,|32163||137729||66686||66687||98064||120870||120871||39278||125055||98065|||,0.0010006427764892578
27801,DFS,|32163||137729||66687||98064||120871||120870||66686||39278||110720||137728|||,0.001001119613647461
27801,RFS,|32163||137729||66687||66686||98064||120871||120870||39278||98066||98065|||,0.002001523971557617
28001,BFS,|80216||73916||42283||59942||93627||26899||58641||95317||80215||40259|||,0.19522452354431152
28001,DFS,|80216||73916||42283||59942||93627||26899||95317||58641||80215||93626|||,0.16374945640563965
28001,RFS,|80216||73916||42283||59942||93627||26899||58641||80215||95317||40259|||,0.16011524200439453
28201,BFS,|18106||39161||68134||14876||26363||31358||41395||41397||45213||18107|||,0.00400233268737793
28201,DFS,|18106||39161||68134||14876||41397||41395||26363||31358||45213||46473|||,0.0035033226013183594
28201,RFS,|18106||39161||68134||14876||41395||41397||26363||31358||45213||18107|||,0.004503726959228516
28401,BFS,|28402||39009||84218||39013||106464||104110||43115||56296||65541||72529|||,0.21265029907226562
28401,DFS,|28402||39009||84218||39013||106464||104110||65541||56296||129278||72529|||,0.20764732360839844
28401,RFS,|28402||39009||84218||39013||106464||104110||43115||56296||65541||72529|||,0.18112611770629883
28601,BFS,|50141||99645||98178||101697||106549||136369||81734||126678||126679||50140|||,0.000499725341796875
28601,DFS,|50141||99645||98178||101697||81734||106549||126679||126678||136369||50140|||,0.0
28601,RFS,|50141||99645||98178||101697||81734||106549||136369||126678||126679||50140|||,0.0010006427764892578
28801,BFS,|61904||84313||84314||40303||40304||37391||40305||37392||29256||57758|||,0.006004810333251953
28801,DFS,|61904||84314||84313||40303||40304||40305||37391||37392||29256||57758|||,0.005503177642822266
28801,RFS,|61904||84313||84314||40303||40304||37391||37392||40305||29256||57758|||,0.006504058837890625
29001,BFS,|84622||47491||80311||82413||82414||111761||47492||47493||56637||80310|||,0.0015065670013427734
29001,DFS,|84622||80311||47491||82413||82414||111761||82415||111762||39746||80310|||,0.0009949207305908203
29001,RFS,|84622||47491||82413||80311||82414||111761||47492||39746||47493||82415|||,0.0015015602111816406
29201,BFS,|43158||91730||125605||75741||103623||71704||94536||99282||102384||56535|||,0.17362713813781738
29201,DFS,|43158||91730||125605||75741||71704||56535||89643||51672||61716||62801|||,0.13909459114074707
29201,RFS,|43158||91730||125605||75741||103623||71704||94536||99282||102384||56535|||,0.15961790084838867
29401,BFS,|58814||82615||68068||89034||48877||50203||70336||62279||68069||75521|||,0.08055424690246582
29401,DFS,|58814||82615||68068||89034||68069||50203||70336||48877||62279||75521|||,0.0960686206817627
29401,RFS,|58814||82615||68068||89034||48877||50203||62279||70336||75521||68069|||,0.09316110610961914
29601,BFS,|61879||52248||81721||97879||52244||52245||52246||60893||52247||87727|||,0.0010044574737548828
29601,DFS,|61879||52248||81721||97879||60893||52246||52245||52244||114822||114821|||,0.0009965896606445312
29601,RFS,|61879||52248||81721||97879||52245||60893||52246||52244||52247||87727|||,0.0
29801,BFS,|120327||29803||145553||55885||29802||41556||52835||120091||120092||120093|||,0.001001119613647461
29801,DFS,|120327||29803||145553||55885||41556||120093||120092||120091||29802||52835|||,0.0010035037994384766
29801,RFS,|120327||29803||145553||55885||29802||41556||52835||120091||120093||120092|||,0.001996755599975586
30201,BFS,|40034||35927||114618||34381||34382||107747||109398||72898||127470||40032|||,0.0010006427764892578
30201,DFS,|40034||114618||35927||109398||107747||127470||34382||34381||72898||129463|||,0.001001119613647461
30201,RFS,|40034||114618||35927||107747||109398||34381||34382||127470||72898||40032|||,0.0010008811950683594
30801,BFS,|114561||82334||104801||134765||65102||83522||82336||67186||109925||125351|||,0.009003162384033203
30801,DFS,|114561||82334||104801||134765||67186||125351||82336||65102||83522||109925|||,0.012013673782348633
30801,RFS,|114561||82334||104801||134765||65102||83522||82336||67186||125351||109925|||,0.015007495880126953
31001,BFS,|29325||59926||69816||33484||41486||85250||43464||41484||82424||51402|||,0.3042151927947998
31001,DFS,|59926||69816||33484||85250||43464||82424||122043||94268||66618||33486|||,0.13409185409545898
31001,RFS,|29325||59926||69816||33484||41486||43464||63328||41484||82424||122043|||,0.24416875839233398
31201,BFS,|31202||48536||46042||50169||31204||51751||116577||79089||31203||76531|||,0.0
31201,DFS,|31202||48536||46042||116577||51751||31204||50169||79089||143786||143784|||,0.0010218620300292969
31201,RFS,|31202||48536||46042||31204||51751||50169||116577||79089||46043||143784|||,0.0009801387786865234
31401,BFS,|134202||75417||135630||70370||75416||111999||103218||103219||162295||160697|||,0.0
31401,DFS,|134202||75417||135630||111999||75416||70370||103218||162295||103219||154121|||,0.0
31401,RFS,|134202||75417||135630||75416||70370||111999||103218||103219||162295||160697|||,0.0010001659393310547
31601,BFS,|128815||126393||126392||128816||128817||31602||40892||130517||31603||74561|||,0.0
31601,DFS,|128815||126393||128816||126392||128817||40892||31602||130517||32906||31603|||,0.0010006427764892578
31601,RFS,|128815||126393||128816||126392||128817||40892||130517||31602||31603||74561|||,0.0
32001,BFS,|43268||63884||47165||54629||41290||54630||56286||32002||43269||94065|||,0.09406232833862305
32001,DFS,|43268||63884||47165||54629||41290||56286||54630||32002||108276||94065|||,0.1030731201171875
32001,RFS,|43268||63884||47165||54629||41290||54630||56286||32002||43269||94065|||,0.11308050155639648
32201,BFS,|56660||85250||91730||69680||39515||71791||73801||72874||63178||67221|||,0.20214390754699707
32201,DFS,|91730||39515||73801||63178||72874||109971||72266||53937||78122||79695|||,0.10507726669311523
32201,RFS,|85250||69680||39515||105560||72874||72266||53937||67221||78604||130922|||,0.16611838340759277
32601,BFS,|74896||94446||107940||121868||109043||111826||114016||103304||109042||116141|||,0.003000974655151367
32601,DFS,|74896||94446||107940||121868||109043||114016||111826||103304||116141||109042|||,0.003002166748046875
32601,RFS,|74896||94446||107940||121868||109043||111826||114016||103304||109042||116141|||,0.004007577896118164
32801,BFS,|46834||32803||46787||64557||64558||64559||64560||59008||67039||58320|||,0.0009996891021728516
32801,DFS,|46834||32803||64557||46787||64558||64560||64559||109846||65035||58320|||,0.0
32801,RFS,|46834||32803||46787||64557||64558||64559||64560||59008||109846||67039|||,0.0
33601,BFS,|83724||64118||36808||85431||77271||111044||36806||40640||77420||75753|||,0.12008452415466309
33601,DFS,|83724||64118||36808||85431||111044||40640||75753||106464||77420||58377|||,0.12508749961853027
33601,RFS,|83724||64118||36808||85431||77271||111044||77420||40640||36806||75753|||,0.14810633659362793
34001,BFS,|111371||34002||43876||34796||34003||70228||111370||69351||110965||34797|||,0.004001617431640625
34001,DFS,|111371||43876||34002||70228||34003||111370||34796||69351||110965||60845|||,0.0030014514923095703
34001,RFS,|111371||34002||43876||34003||34796||70228||111370||69351||110965||60845|||,0.0030028820037841797
34201,BFS,|101318||101321||101317||54047||63725||66067||140852||140853||63723||63724|||,0.0020062923431396484
34201,DFS,|101318||101321||101317||54047||63725||66067||140853||140852||98026||115053|||,0.0019979476928710938
34201,RFS,|101318||101321||101317||54047||63725||66067||140852||140853||63724||63723|||,0.004024505615234375
34601,BFS,|129278||102677||97525||94898||99801||44301||50451||52312||52313||94085|||,0.011004447937011719
34601,DFS,|129278||102677||97525||94898||99801||44301||50451||52312||52313||94085|||,0.01101064682006836
34601,RFS,|129278||102677||97525||94898||99801||50451||44301||94085||52312||52313|||,0.009011507034301758
35401,BFS,|67584||35402||58500||59329||101420||93953||56564||35405||35403||35404|||,0.0
35401,DFS,|67584||35402||101420||58500||59329||93953||35404||51960||111057||101424|||,0.0
35401,RFS,|67584||35402||58500||59329||101420||93953||35405||76822||35403||35404|||,0.0009984970092773438
35801,BFS,|105351||91526||67829||67830||80158||107658||132461||116509||87042||135914|||,0.008001089096069336
35801,DFS,|105351||91526||67829||132461||107658||116509||80158||133608||135914||87042|||,0.008027315139770508
35801,RFS,|105351||91526||67829||132461||67830||107658||116509||80158||87042||135914|||,0.008009195327758789
36001,BFS,|67787||89034||93739||71478||54582||134650||55038||52683||101011||75725|||,0.027016401290893555
36001,DFS,|67787||89034||93739||54582||134650||71478||101011||52683||75725||116207|||,0.027017831802368164
36001,RFS,|67787||89034||93739||54582||71478||134650||52683||75725||116207||55038|||,0.030022621154785156
36201,BFS,|61455||84010||96130||139572||75766||108935||108936||75765||141305||108937|||,0.0
36201,DFS,|61455||84010||96130||139572||108935||75766||108936||141305||75765||108937|||,0.0009999275207519531
36201,RFS,|61455||84010||96130||139572||75766||108936||108935||141305||139573||75765|||,0.0010001659393310547
36401,BFS,|85149||111724||94563||110102||85145||98284||94811||102368||136950||85148|||,0.0050084590911865234
36401,DFS,|85149||111724||94563||110102||98284||94811||85145||102368||136950||116986|||,0.008007049560546875
36401,RFS,|85149||111724||94563||110102||98284||102368||85145||136950||94811||85148|||,0.0070037841796875
36601,BFS,|36603||55156||34283||38045||44541||36600||36854||36602||36604||36855|||,0.0010008811950683594
36601,DFS,|36603||55156||38045||44541||34283||36600||36854||85542||55155||69253|||,0.0
36601,RFS,|36603||55156||38045||34283||44541||36854||36600||36855||69253||36602|||,0.0
36801,BFS,|36802||33233||29234||41354||49666||47066||33234||82170||47067||49665|||,0.0
36801,DFS,|36802||33233||29234||49666||41354||47066||49665||47067||82170||33234|||,0.0009970664978027344
36801,RFS,|36802||33233||29234||41354||49666||47066||47067||82170||33234||49665|||,0.001001119613647461
37001,BFS,|41789||88665||73421||125211||67932||55889||123022||88602||66466||91246|||,0.002001523971557617
37001,DFS,|41789||88665||73421||125211||67932||55889||88602||123022||137891||89663|||,0.0020012855529785156
37001,RFS,|41789||88665||73421||125211||67932||55889||88602||123022||66466||89663|||,0.0020012855529785156
37201,BFS,|83265||133340||58895||104653||58280||48371||80585||75533||106297||89232|||,0.005004167556762695
37201,DFS,|83265||133340||58895||104653||58280||48371||101184||80585||89232||98526|||,0.007004976272583008
37201,RFS,|83265||133340||58895||104653||58280||48371||80585||101184||89232||106297|||,0.006006717681884766
37401,BFS,|80341||44475||68262||44471||50053||50052||133929||82197||50055||63325|||,0.1410975456237793
37401,DFS,|80341||44475||68262||44471||50053||133929||82197||50055||68261||94191|||,0.11207866668701172
37401,RFS,|80341||44475||68262||44471||50053||50052||82197||133929||63325||50055|||,0.1240842342376709
37601,BFS,|77476||58165||50846||62026||99605||50848||64982||95943||134900||37602|||,0.000997304916381836
37601,DFS,|77476||58165||62026||50846||99605||134900||95943||64982||50848||134761|||,0.0010004043579101562
37601,RFS,|77476||58165||50846||62026||99605||64982||50848||95943||134900||37602|||,0.002001523971557617
37801,BFS,|60009||64469||60010||64471||93570||93571||64470||98641||126971||82379|||,0.0
37801,DFS,|60009||64469||60010||93571||93570||64471||129819||90248||126971||98641|||,0.0
37801,RFS,|60009||64469||60010||93571||93570||64471||129819||98641||64470||90248|||,0.0
38001,BFS,|68891||118871||96136||98227||100534||69864||120369||130848||103445||115357|||,0.021015405654907227
38001,DFS,|68891||118871||96136||98227||100534||69864||115357||103445||130848||120369|||,0.023015975952148438
38001,RFS,|68891||118871||96136||98227||100534||69864||120369||103445||130848||115357|||,0.021016359329223633
38201,BFS,|61197||65161||71368||52136||68918||61595||74961||119096||38202||50311|||,0.056044578552246094
38201,DFS,|61197||65161||71368||52136||68918||61595||74961||119096||38202||50487|||,0.057039737701416016
38201,RFS,|61197||65161||71368||52136||68918||61595||74961||119096||50311||38202|||,0.08305859565734863
38401,BFS,|77719||57877||108985||53614||77581||77583||116287||89273||77717||93909|||,0.016013145446777344
38401,DFS,|77719||57877||108985||53614||77717||116287||103156||77583||138587||77581|||,0.012007951736450195
38401,RFS,|77719||57877||108985||53614||77583||89273||93909||77581||138587||77717|||,0.01801300048828125
38601,BFS,|66237||66236||86206||134211||95696||149373||60300||89538||89539||101154|||,0.001003265380859375
38601,DFS,|66237||86206||95696||149373||66236||134211||60300||102371||102810||130799|||,0.0009970664978027344
38601,RFS,|66237||66236||134211||86206||95696||149373||60300||89539||89538||102371|||,0.0010006427764892578
38801,BFS,|43178||102594||46941||67493||46943||74593||46942||69417||80256||84651|||,0.0
38801,DFS,|43178||102594||46941||67493||74593||46943||84652||84651||80256||111230|||,0.0010020732879638672
38801,RFS,|43178||102594||46941||67493||46943||74593||84651||84652||46942||80256|||,0.0009999275207519531
39001,BFS,|56024||56025||84241||84320||84344||81050||97281||105699||98860||48402|||,0.18313360214233398
39001,DFS,|56024||56025||84241||84320||84344||81050||98860||105699||97665||48402|||,0.1150808334350586
39001,RFS,|56024||56025||84241||84320||84344||81050||97281||105699||98860||97665|||,0.14610815048217773
39201,BFS,|60313||82204||40089||40090||56834||56835||66694||66695||74098||66696|||,0.0010001659393310547
39201,DFS,|60313||82204||40090||40089||56834||74098||66695||66694||56835||146249|||,0.0020020008087158203
39201,RFS,|60313||82204||40089||40090||56834||66695||66694||74098||56835||66696|||,0.0010006427764892578
39601,BFS,|66514||66515||66516||118897||66517||74072||83891||48239||107187||83890|||,0.001001119613647461
39601,DFS,|66514||118897||66516||66515||107187||48239||74072||66517||83891||118934|||,0.0010013580322265625
39601,RFS,|66514||66515||118897||66516||74072||48239||107187||66517||83891||118896|||,0.0010006427764892578
39801,BFS,|94294||39802||63096||91487||94293||39803||91489||93234||145282||134921|||,0.0010001659393310547
39801,DFS,|94294||39802||63096||91487||94293||39803||91489||93234||145282||134921|||,0.0009999275207519531
39801,RFS,|94294||39802||63096||91487||94293||39803||91489||93234||145282||134921|||,0.0020236968994140625
40001,BFS,|44406||73626||103865||50563||72294||72295||80566||50564||52668||126887|||,0.003993511199951172
40001,DFS,|44406||73626||103865||50563||72295||72294||80566||52669||72293||72072|||,0.003999233245849609
40001,RFS,|44406||73626||103865||50563||80566||72295||72294||52668||101462||126887|||,0.005007505416870117
40801,BFS,|80453||66971||102424||72553||95703||80457||97863||94056||99833||85999|||,0.06404924392700195
40801,DFS,|80453||66971||102424||72553||95703||97863||80457||94056||99833||85999|||,0.06304383277893066
40801,RFS,|80453||66971||102424||95703||72553||97863||80457||94056||99833||94896|||,0.08071780204772949
41001,BFS,|65649||108180||131352||146008||119112||136887||100173||145451||88135||92884|||,0.010010957717895508
41001,DFS,|65649||108180||131352||119112||136887||146008||145451||100173||63851||147908|||,0.012009382247924805
41001,RFS,|65649||108180||131352||146008||119112||136887||100173||145451||92884||88135|||,0.01800990104675293
41201,BFS,|56286||69194||41203||73691||69196||77581||77583||101975||135366||89273|||,0.009001731872558594
41201,DFS,|56286||69194||41203||73691||135366||101975||77583||138587||77581||89273|||,0.008005380630493164
41201,RFS,|56286||69194||41203||73691||69196||77581||77583||135366||101975||138587|||,0.01200556755065918
41401,BFS,|89192||89193||70620||103297||70619||89194||140878||89210||123797||73715|||,0.0
41401,DFS,|89193||89192||103297||70620||70619||140878||89210||89194||123797||73715|||,0.0010001659393310547
41401,RFS,|89193||89192||70620||103297||70619||89194||140878||89210||123797||73715|||,0.0010008811950683594
41801,BFS,|133293||61481||67728||128236||67729||128238||143047||144060||61480||67727|||,0.0009980201721191406
41801,DFS,|133293||67728||61481||128236||67729||128238||143047||144060||141360||126969|||,0.001001596450805664
41801,RFS,|133293||67728||128236||61481||67729||143047||128238||144060||67727||141360|||,0.0010035037994384766
42201,BFS,|56749||62981||90711||48197||83438||55596||79997||55597||59566||93404|||,0.025020599365234375
42201,DFS,|56749||62981||90711||48197||83438||55596||79997||55597||93404||117843|||,0.026015520095825195
42201,RFS,|56749||62981||90711||48197||83438||55596||79997||55597||93404||59566|||,0.02401256561279297
42401,BFS,|61983||61985||60778||58517||61982||60776||75912||61984||60775||60777|||,0.0010018348693847656
42401,DFS,|61983||61985||60778||58517||61982||60776||61984||75912||115768||64066|||,0.0009999275207519531
42401,RFS,|61983||61985||60778||58517||61982||60776||61984||75912||65555||64066|||,0.0
42601,BFS,|89632||101816||86081||107294||86080||87754||88509||119989||89634||136150|||,0.00600743293762207
42601,DFS,|89632||86081||107294||101816||87754||86080||136150||119989||89634||88509|||,0.007004499435424805
42601,RFS,|89632||101816||86081||107294||86080||87754||89634||88509||119989||136150|||,0.007008790969848633
43001,BFS,|64174||50278||76061||103623||99282||102384||70549||93761||83064||75937|||,0.06203937530517578
43001,DFS,|64174||76061||50278||103623||99282||102384||70549||93761||83064||75937|||,0.056040048599243164
43001,RFS,|64174||50278||76061||103623||99282||102384||70549||93761||75937||83064|||,0.051036834716796875
43201,BFS,|124290||140287||83116||104471||58882||89167||89170||128418||50257||60553|||,0.0010008811950683594
43201,DFS,|140287||124290||104471||83116||89170||128418||89167||58882||121810||60553|||,0.0010006427764892578
43201,RFS,|124290||140287||83116||104471||89167||89170||58882||128418||60553||121810|||,0.001004934310913086
43401,BFS,|43402||43403||60880||43404||79381||78910||56618||87711||100446||78911|||,0.0009961128234863281
43401,DFS,|43402||43403||60880||79381||43404||100446||87711||56618||78910||90566|||,0.000985860824584961
43401,RFS,|43402||43403||60880||79381||43404||87711||100446||56618||78910||51348|||,0.002000570297241211
43601,BFS,|80694||68127||110286||110287||68126||126660||105654||110289||72377||124948|||,0.002004384994506836
43601,DFS,|80694||68127||110287||110286||105654||110289||68126||126660||72377||122578|||,0.001998424530029297
43601,RFS,|80694||68127||110287||110286||68126||126660||105654||110289||72377||124948|||,0.002000093460083008
44401,BFS,|44402||61716||82433||58831||89966||69087||88933||114393||123845||104051|||,0.00700831413269043
44401,DFS,|44402||61716||82433||58831||89966||88933||114393||69087||123845||113790|||,0.005999565124511719
44401,RFS,|44402||61716||82433||58831||89966||88933||69087||114393||104051||123845|||,0.009008169174194336
44801,BFS,|62609||74668||74669||74670||62612||88388||62611||101164||62996||129010|||,0.0
44801,DFS,|62609||74668||74670||74669||88388||62612||101164||62611||62996||129010|||,0.0009968280792236328
44801,RFS,|62609||74668||74670||74669||62612||88388||62611||101164||62996||129010|||,0.0010004043579101562
45201,BFS,|79321||90298||136150||46771||56262||57167||115930||90295||94290||122777|||,0.004002809524536133
45201,DFS,|79321||90298||136150||56262||90295||46771||57167||115930||128768||94290|||,0.0030014514923095703
45201,RFS,|79321||90298||136150||56262||46771||90295||115930||57167||122777||94290|||,0.006008148193359375
45401,BFS,|63884||47165||56286||63010||84968||82212||107676||82736||92061||82738|||,0.012005090713500977
45401,DFS,|63884||47165||56286||63010||84968||82212||107676||82736||92061||82738|||,0.013013601303100586
45401,RFS,|63884||47165||56286||63010||82212||107676||84968||82736||92061||82738|||,0.01600790023803711
46001,BFS,|50294||54727||56699||115737||88753||97256||142444||55068||62972||140036|||,0.0
46001,DFS,|50294||56699||54727||88753||97256||142444||115737||62972||140037||140036|||,0.0010006427764892578
46001,RFS,|50294||56699||54727||115737||88753||97256||142444||55068||62972||140036|||,0.0
46401,BFS,|55244||46465||45995||57928||87683||60812||122573||68946||130058||46402|||,0.011008977890014648
46401,DFS,|55244||46465||45995||57928||87683||60812||68946||122573||130058||46402|||,0.014008760452270508
46401,RFS,|55244||45995||46465||87683||57928||122573||60812||68946||130058||46402|||,0.014009475708007812
46601,BFS,|46602||61462||71313||110680||64112||91166||52067||52068||94411||98004|||,0.0010042190551757812
46601,DFS,|46602||61462||71313||110680||64112||91166||86608||71314||107826||124955|||,0.002001047134399414
46601,RFS,|46602||61462||71313||110680||91166||64112||52067||52068||64113||72594|||,0.0009968280792236328
46801,BFS,|46802||46803||73107||84413||47406||75926||47407||73108||67550||47405|||,0.0010051727294921875
46801,DFS,|46802||46803||84413||73107||67550||73108||47407||75926||47406||72794|||,0.0
46801,RFS,|46802||46803||84413||73107||47406||73108||75926||67550||47407||47405|||,0.0
47201,BFS,|90966||90964||85901||90965||126731||76411||85899||79680||83422||98637|||,0.007001638412475586
47201,DFS,|90966||90964||85901||90965||126731||76411||85899||83422||98637||79680|||,0.005004167556762695
47201,RFS,|90966||90964||85901||90965||126731||76411||85899||79680||83422||98637|||,0.011003732681274414
47601,BFS,|56015||92093||84656||76622||99754||121117||125595||124337||99752||99753|||,0.0
47601,DFS,|56015||92093||84656||76622||125595||124337||99753||99752||121117||99754|||,0.0
47601,RFS,|56015||92093||84656||76622||121117||99754||125595||124337||99752||99753|||,0.0
48201,BFS,|97561||97563||48203||84660||97562||98045||48202||101566||126435||154230|||,0.0009968280792236328
48201,DFS,|97563||97561||84660||98045||97562||48203||126435||101566||48202||154230|||,0.0
48201,RFS,|97561||97563||48203||84660||97562||98045||48202||101566||126435||154230|||,0.0
48401,BFS,|56024||56025||84241||84320||84344||81050||105699||98860||48402||93212|||,0.18513202667236328
48401,DFS,|56024||56025||84241||84320||84344||81050||98860||105699||97665||48402|||,0.10207152366638184
48401,RFS,|56024||56025||84241||84320||84344||81050||105699||98860||48402||109558|||,0.13409805297851562
49201,BFS,|74887||89214||121141||74888||104233||114541||121143||90219||80496||80497|||,0.0
49201,DFS,|74887||89214||121141||74888||104233||114541||121143||90219||119384||80497|||,0.0010001659393310547
49201,RFS,|74887||89214||121141||74888||104233||114541||121143||90219||80497||119384|||,0.0
49801,BFS,|49804||49803||49805||62920||77770||49802||86820||62921||68558||67577|||,0.001001119613647461
49801,DFS,|49804||49803||77770||62920||49805||86820||49802||68558||62921||117032|||,0.0
49801,RFS,|49804||49803||49805||62920||77770||49802||86820||62921||68558||67577|||,0.0010008811950683594
